{
  "Create Employee" : {
    "transaction" : "Create Employee",
    "sampleCount" : 19,
    "errorCount" : 0,
    "errorPct" : 0.0,
    "meanResTime" : 253.47368421052636,
    "medianResTime" : 252.0,
    "minResTime" : 246.0,
    "maxResTime" : 262.0,
    "pct1ResTime" : 260.0,
    "pct2ResTime" : 262.0,
    "pct3ResTime" : 262.0,
    "throughput" : 0.576543771810044,
    "receivedKBytesPerSec" : 0.20212813874981037,
    "sentKBytesPerSec" : 0.1694723391746321
  },
  "Get All Employees" : {
    "transaction" : "Get All Employees",
    "sampleCount" : 20,
    "errorCount" : 0,
    "errorPct" : 0.0,
    "meanResTime" : 1256.7000000000003,
    "medianResTime" : 1033.5,
    "minResTime" : 999.0,
    "maxResTime" : 4300.0,
    "pct1ResTime" : 2184.300000000003,
    "pct2ResTime" : 4200.499999999998,
    "pct3ResTime" : 4300.0,
    "throughput" : 0.5121507771888044,
    "receivedKBytesPerSec" : 1.53745262605311,
    "sentKBytesPerSec" : 0.09002650380271951
  },
  "Delete Employees" : {
    "transaction" : "Delete Employees",
    "sampleCount" : 19,
    "errorCount" : 0,
    "errorPct" : 0.0,
    "meanResTime" : 253.89473684210523,
    "medianResTime" : 252.0,
    "minResTime" : 245.0,
    "maxResTime" : 261.0,
    "pct1ResTime" : 260.0,
    "pct2ResTime" : 261.0,
    "pct3ResTime" : 261.0,
    "throughput" : 0.5776656228147518,
    "receivedKBytesPerSec" : 0.07107994968228391,
    "sentKBytesPerSec" : 0.15287830447538842
  },
  "Total" : {
    "transaction" : "Total",
    "sampleCount" : 77,
    "errorCount" : 0,
    "errorPct" : 0.0,
    "meanResTime" : 515.7402597402595,
    "medianResTime" : 256.0,
    "minResTime" : 245.0,
    "maxResTime" : 4300.0,
    "pct1ResTime" : 1046.8,
    "pct2ResTime" : 1051.2,
    "pct3ResTime" : 4300.0,
    "throughput" : 1.9717804921768967,
    "receivedKBytesPerSec" : 1.8277630934547129,
    "sentKBytesPerSec" : 0.49674624209367235
  },
  "Update Employees" : {
    "transaction" : "Update Employees",
    "sampleCount" : 19,
    "errorCount" : 0,
    "errorPct" : 0.0,
    "meanResTime" : 259.8947368421053,
    "medianResTime" : 252.0,
    "minResTime" : 246.0,
    "maxResTime" : 311.0,
    "pct1ResTime" : 309.0,
    "pct2ResTime" : 311.0,
    "pct3ResTime" : 311.0,
    "throughput" : 0.5766487602051655,
    "receivedKBytesPerSec" : 0.07095482791586999,
    "sentKBytesPerSec" : 0.1599299295881514
  }
}